{
    "name": "root",
    "gauges": {
        "Target2D_Raycasts.Policy.Entropy.mean": {
            "value": 1.2986304759979248,
            "min": 1.2986304759979248,
            "max": 1.3026925325393677,
            "count": 3
        },
        "Target2D_Raycasts.Policy.Entropy.sum": {
            "value": 12921.373046875,
            "min": 3387.00048828125,
            "max": 13069.630859375,
            "count": 3
        },
        "Target2D_Raycasts.Environment.EpisodeLength.mean": {
            "value": 37.094339622641506,
            "min": 34.723021582733814,
            "max": 37.094339622641506,
            "count": 3
        },
        "Target2D_Raycasts.Environment.EpisodeLength.sum": {
            "value": 9830.0,
            "min": 2427.0,
            "max": 9830.0,
            "count": 3
        },
        "Target2D_Raycasts.Step.mean": {
            "value": 619996.0,
            "min": 599997.0,
            "max": 619996.0,
            "count": 3
        },
        "Target2D_Raycasts.Step.sum": {
            "value": 619996.0,
            "min": 599997.0,
            "max": 619996.0,
            "count": 3
        },
        "Target2D_Raycasts.Policy.ExtrinsicValueEstimate.mean": {
            "value": 8.370325088500977,
            "min": 8.326460838317871,
            "max": 8.444056510925293,
            "count": 3
        },
        "Target2D_Raycasts.Policy.ExtrinsicValueEstimate.sum": {
            "value": 2511.09765625,
            "min": 624.4845581054688,
            "max": 2583.88134765625,
            "count": 3
        },
        "Target2D_Raycasts.Environment.CumulativeReward.mean": {
            "value": 10.0,
            "min": 10.0,
            "max": 10.0,
            "count": 3
        },
        "Target2D_Raycasts.Environment.CumulativeReward.sum": {
            "value": 2650.0,
            "min": 670.0,
            "max": 2780.0,
            "count": 3
        },
        "Target2D_Raycasts.Policy.ExtrinsicReward.mean": {
            "value": 10.0,
            "min": 10.0,
            "max": 10.0,
            "count": 3
        },
        "Target2D_Raycasts.Policy.ExtrinsicReward.sum": {
            "value": 2650.0,
            "min": 670.0,
            "max": 2780.0,
            "count": 3
        },
        "Target2D_Raycasts.Losses.PolicyLoss.mean": {
            "value": 0.09723982419753933,
            "min": 0.0879310975469707,
            "max": 0.09983574774091891,
            "count": 3
        },
        "Target2D_Raycasts.Losses.PolicyLoss.sum": {
            "value": 0.9723982419753934,
            "min": 0.1758621950939414,
            "max": 0.9723982419753934,
            "count": 3
        },
        "Target2D_Raycasts.Losses.ValueLoss.mean": {
            "value": 0.2422644772877296,
            "min": 0.20576035922082764,
            "max": 0.2422644772877296,
            "count": 3
        },
        "Target2D_Raycasts.Losses.ValueLoss.sum": {
            "value": 2.422644772877296,
            "min": 0.4115207184416553,
            "max": 2.422644772877296,
            "count": 3
        },
        "Target2D_Raycasts.Policy.LearningRate.mean": {
            "value": 0.00017702628099125335,
            "min": 0.00017702628099125335,
            "max": 0.00018018673993776664,
            "count": 3
        },
        "Target2D_Raycasts.Policy.LearningRate.sum": {
            "value": 0.0017702628099125334,
            "min": 0.0003603734798755333,
            "max": 0.0017702628099125334,
            "count": 3
        },
        "Target2D_Raycasts.Policy.Epsilon.mean": {
            "value": 0.1590087466666667,
            "min": 0.1590087466666667,
            "max": 0.16006223333333336,
            "count": 3
        },
        "Target2D_Raycasts.Policy.Epsilon.sum": {
            "value": 1.590087466666667,
            "min": 0.3201244666666667,
            "max": 1.590087466666667,
            "count": 3
        },
        "Target2D_Raycasts.Policy.Beta.mean": {
            "value": 0.002954536458666667,
            "min": 0.002954536458666667,
            "max": 0.003007105443333333,
            "count": 3
        },
        "Target2D_Raycasts.Policy.Beta.sum": {
            "value": 0.02954536458666667,
            "min": 0.006014210886666666,
            "max": 0.02954536458666667,
            "count": 3
        },
        "Target2D_Raycasts.IsTraining.mean": {
            "value": 1.0,
            "min": 1.0,
            "max": 1.0,
            "count": 3
        },
        "Target2D_Raycasts.IsTraining.sum": {
            "value": 1.0,
            "min": 1.0,
            "max": 1.0,
            "count": 3
        }
    },
    "metadata": {
        "timer_format_version": "0.1.0",
        "start_time_seconds": "1732318948",
        "python_version": "3.10.12 (main, Nov  6 2024, 20:22:13) [GCC 11.4.0]",
        "command_line_arguments": "/home/bruno/.local/bin/mlagents-learn configs/ppo/2D_Raycasts.yaml --run-id=Raycats2D_001 --time-scale=100 --torch-device cuda:0 --resume",
        "mlagents_version": "1.1.0",
        "mlagents_envs_version": "1.1.0",
        "communication_protocol_version": "1.5.0",
        "pytorch_version": "2.5.1+cu124",
        "numpy_version": "1.23.5",
        "end_time_seconds": "1732319025"
    },
    "total": 77.01497942199967,
    "count": 1,
    "self": 0.0024610529999335995,
    "children": {
        "run_training.setup": {
            "total": 0.03819214800023474,
            "count": 1,
            "self": 0.03819214800023474
        },
        "TrainerController.start_learning": {
            "total": 76.9743262209995,
            "count": 1,
            "self": 0.11766280299525533,
            "children": {
                "TrainerController._reset_env": {
                    "total": 19.01658714400037,
                    "count": 1,
                    "self": 19.01658714400037
                },
                "TrainerController.advance": {
                    "total": 57.772527155002535,
                    "count": 5742,
                    "self": 0.10450241115358949,
                    "children": {
                        "env_step": {
                            "total": 45.82134431497434,
                            "count": 5742,
                            "self": 32.964585051080576,
                            "children": {
                                "SubprocessEnvManager._take_step": {
                                    "total": 12.785113481953886,
                                    "count": 5742,
                                    "self": 0.35705448998123757,
                                    "children": {
                                        "TorchPolicy.evaluate": {
                                            "total": 12.428058991972648,
                                            "count": 5188,
                                            "self": 12.428058991972648
                                        }
                                    }
                                },
                                "workers": {
                                    "total": 0.07164578193987836,
                                    "count": 5741,
                                    "self": 0.0,
                                    "children": {
                                        "worker_root": {
                                            "total": 76.76809723689985,
                                            "count": 5741,
                                            "is_parallel": true,
                                            "self": 49.29791475394268,
                                            "children": {
                                                "run_training.setup": {
                                                    "total": 0.0,
                                                    "count": 0,
                                                    "is_parallel": true,